-- Dumping data for table 10devs.ai_inputs: ~27 rows (approximately)
INSERT IGNORE INTO `ai_inputs` (`ain_id`, `ain_usr_id`, `ain_date`, `ain_content`, `ain_source`) VALUES
	(87, 1, '2025-05-09 09:17:45', 'Ryga', 'city_search'),
	(88, 1, '2025-05-09 09:19:24', 'Ryga', 'city_search');

-- Dumping data for table 10devs.ai_logs: ~108 rows (approximately)
INSERT IGNORE INTO `ai_logs` (`ail_id`, `ail_usr_id`, `ail_rec_id`, `ail_date`, `ail_status`) VALUES
	(182, 1, 122, '2025-05-09 09:18:20', 'saved'),
	(183, 1, 123, '2025-05-09 09:20:05', 'saved');

-- Dumping data for table 10devs.cities: ~16 rows (approximately)
INSERT IGNORE INTO `cities` (`cit_id`, `cit_usr_id`, `cit_name`, `cit_desc`, `cit_visited`, `cit_date_created`) VALUES
	(10, 1, 'qqq123sds', 'Miasto qqqq1 to urokliwe miejsce położone w centralnej części kraju, znane z bogatej historii, pięknej architektury i licznych atrakcji turystycznych.', 1, '2025-04-28 09:57:54');
INSERT IGNORE INTO `cities` (`cit_id`, `cit_usr_id`, `cit_name`, `cit_desc`, `cit_visited`, `cit_date_created`) VALUES
	(12, 1, 'Kolesław', 'Miasto wwww eeee to urokliwe miejsce położone w centralnej części kraju, znane z bogatej historii, pięknej architektury i licznych atrakcji turystyczn', 1, '2025-04-29 13:22:58'),
	(13, 1, 'Żory', 'Miasto Żory to urokliwe miejsce położone w centralnej części kraju, znane z bogatej historii, pięknej architektury i licznych atrakcji turystycznych.', 0, '2025-05-02 11:31:49'),
	(14, 1, 'Rybnik', 'Miasto Kłodzko to urokliwe miejsce położone w centralnej części kraju, znane z bogatej historii, pięknej architektury i licznych atrakcji turystycznyc', 0, '2025-05-02 11:48:55'),
	(15, 1, 'Szczecin', 'Miasto Szczecin to urokliwe miejsce położone w centralnej części kraju, znane z bogatej historii, pięknej architektury i licznych atrakcji turystyczny', 0, '2025-05-02 11:50:38'),
	(23, 1, 'Rudy Raciborskie', 'Miasto Rudy Raciborskie to urokliwe miejsce położone w centralnej części kraju, znane z bogatej historii, pięknej architektury i licznych atrakcji tur', 1, '2025-05-04 08:44:16'),
	(25, 1, 'Krakó', 'Miasto Krakó to urokliwe miejsce położone w centralnej części kraju, znane z bogatej historii, pięknej architektury i licznych atrakcji turystycznych.', 1, '2025-05-04 09:01:42'),
	(27, 5, 'Płock', 'Miasto Płock to urokliwe miejsce położone w centralnej części kraju, znane z bogatej historii, pięknej architektury i licznych atrakcji turystycznych.', 0, '2025-05-05 06:03:54'),
	(28, 5, 'Konin', 'Miasto Konin to urokliwe miejsce położone w centralnej części kraju, znane z bogatej historii, pięknej architektury i licznych atrakcji turystycznych.', 0, '2025-05-05 06:13:26'),
	(29, 5, 'Lizbona', 'Miasto Lizbona to urokliwe miejsce położone w centralnej części kraju, znane z bogatej historii, pięknej architektury i licznych atrakcji turystycznyc', 1, '2025-05-05 06:21:48'),
	(30, 1, 'Ryga', 'Miasto Ryga to urokliwe miejsce położone w centralnej części kraju, znane z bogatej historii, pięknej architektury i licznych atrakcji turystycznych.', 0, '2025-05-05 11:19:48'),
	(31, 1, 'Kapsztad', 'Miasto Kapsztad to urokliwe miejsce położone w centralnej części kraju, znane z bogatej historii, pięknej architektury i licznych atrakcji turystyczny', 1, '2025-05-05 11:34:27'),
	(32, 1, 'Lipsk', 'Miasto Lipsk to urokliwe miejsce położone w centralnej części kraju, znane z bogatej historii, pięknej architektury i licznych atrakcji turystycznych.', 0, '2025-05-05 11:37:43'),
	(33, 1, 'Berlin', 'Berlin to tętniąca życiem stolica Niemiec, znana z bogatej historii, kultury i nowoczesnej architektury.', 1, '2025-05-05 11:56:46'),
	(34, 1, 'Oslo', 'Miasto Oslo to urokliwe miejsce położone w centralnej części kraju, znane z bogatej historii, pięknej architektury i licznych atrakcji turystycznych.', 0, '2025-05-05 12:28:03'),
	(35, 1, 'Olsztyn', 'Miasto Olsztyn to urokliwe miejsce położone w centralnej części kraju, znane z bogatej historii, pięknej architektury i licznych atrakcji turystycznyc', 0, '2025-05-08 08:37:07');

-- Dumping data for table 10devs.error_logs: ~38 rows (approximately)
INSERT IGNORE INTO `error_logs` (`err_id`, `err_type`, `err_message`, `err_timestamp`, `err_usr_id`, `err_url`, `err_payload`) VALUES
	(1, 'db_error', 'Nie udało się dodać miasta: Kraków', '2025-04-21 16:54:37', NULL, NULL, NULL);

-- Dumping data for table 10devs.recom: ~77 rows (approximately)
INSERT IGNORE INTO `recom` (`rec_id`, `rec_usr_id`, `rec_cit_id`, `rec_title`, `rec_desc`, `rec_model`, `rec_date_created`, `rec_date_modified`, `rec_status`, `rec_done`) VALUES
	(31, 1, 10, 'Zamek Królewski', 'Imponująca budowla z XX wieku położona na wzgórzu, oferująca piękny widok na miasto i rzekę. Wnętrza zamku kryją cenne kolekcje sztuki, meble z epoki oraz interesujące wystawy historyczne.', 'gpt-4.1-mini', '2025-04-28 10:06:08', '2025-05-03 11:04:38', 'rejected', 0);
INSERT IGNORE INTO `recom` (`rec_id`, `rec_usr_id`, `rec_cit_id`, `rec_title`, `rec_desc`, `rec_model`, `rec_date_created`, `rec_date_modified`, `rec_status`, `rec_done`) VALUES
	(32, 1, 10, 'Muzeum Narodowe', 'Jedno z najważniejszych muzeów w kraju, prezentujące bogaty zbiór dzieł sztuki od średniowiecza po współczesność, w tym obrazy, rzeźby, rzemiosło artystyczne i artefakty historyczne.', 'gpt-4.1-mini', '2025-04-28 10:06:08', '2025-05-02 11:20:11', 'rejected', 1),
	(33, 1, 10, 'Park Miejski', 'Rozległy park w centrum miasta, idealny na relaks i aktywny wypoczynek. Oferuje piękne alejki, jeziorka, ogrody kwiatowe i place zabaw dla dzieci.', 'gpt-4.1-mini', '2025-04-28 10:06:08', '2025-05-02 11:05:09', 'rejected', 1),
	(35, 1, 12, 'Rynek Główny sześciokątny', 'Największy średniowieczny rynek w Europie, otoczony zabytkowymi kamienicami i kościołami. Warto odwiedzić Sukiennice, które znajdują się w centralnej części rynku, gdzie można zakupić pamiątki i rękodzieło.', 'gpt-4.1-mini', '2025-04-29 13:23:19', '2025-04-29 13:23:19', 'accepted', 0),
	(36, 1, 12, 'Zamek Królewski', 'Imponująca budowla z XIV wieku położona na wzgórzu, oferująca piękny widok na miasto i rzekę. Wnętrza zamku kryją cenne kolekcje sztuki, meble z epoki oraz interesujące wystawy historyczne.', 'gpt-4.1-mini', '2025-04-29 13:23:19', '2025-04-29 13:31:08', 'accepted', 1),
	(37, 1, 12, 'Stare Miasto', 'Zabytkowa dzielnica pełna urokliwych uliczek, kamienic i kościołów. Idealne miejsce na spacer, z licznymi kawiarniami, restauracjami i sklepami z pamiątkami.', 'gpt-4.1-mini', '2025-04-29 13:23:19', '2025-04-29 13:31:09', 'accepted', 1),
	(38, 1, 12, 'Park Miejski', 'Rozległy park w centrum miasta, idealny na relaks i aktywny wypoczynek. Oferuje piękne alejki, jeziorka, ogrody kwiatowe i place zabaw dla dzieci.', 'gpt-4.1-mini', '2025-04-29 13:23:19', '2025-04-29 13:23:19', 'accepted', 0),
	(40, 1, 10, 'Nowa fosa. Podwójna!', 'A ta ma rudą wodę.\nI szczury wychodzące z dziury rodzinami.', 'manual', '2025-05-02 10:02:48', '2025-05-02 11:07:28', 'edited', 1),
	(42, 1, 13, 'Rynek Główny sześciokątny', 'Największy średniowieczny rynek w Europie, otoczony zabytkowymi kamienicami i kościołami. Warto odwiedzić Sukiennice, które znajdują się w centralnej części rynku, gdzie można zakupić pamiątki i rękodzieło.', 'gpt-4.1-mini', '2025-05-02 11:32:50', '2025-05-02 11:32:50', 'accepted', 0),
	(43, 1, 13, 'Zamek Królewski', 'Imponująca budowla z XIV wieku położona na wzgórzu, oferująca piękny widok na miasto i rzekę. Wnętrza zamku kryją cenne kolekcje sztuki, meble z epoki oraz interesujące wystawy historyczne.', 'gpt-4.1-mini', '2025-05-02 11:32:50', '2025-05-02 11:32:50', 'accepted', 0),
	(44, 1, 13, 'Stare Miasto', 'Zabytkowa dzielnica pełna urokliwych uliczek, kamienic i kościołów. Idealne miejsce na spacer, z licznymi kawiarniami, restauracjami i sklepami z pamiątkami.', 'gpt-4.1-mini', '2025-05-02 11:32:50', '2025-05-02 11:32:50', 'accepted', 0),
	(45, 1, 13, 'Park Miejski Nerona', 'Rozległy park w centrum miasta, idealny na relaks i aktywny wypoczynek. Oferuje piękne alejki, jeziorka, ogrody kwiatowe i place zabaw dla dzieci.', 'gpt-4.1-mini', '2025-05-02 11:32:50', '2025-05-02 11:32:50', 'accepted', 0),
	(46, 1, 13, 'Muzeum Narodowe', 'Jedno z najważniejszych muzeów w kraju, prezentujące bogaty zbiór dzieł sztuki od średniowiecza po współczesność, w tym obrazy, rzeźby, rzemiosło artystyczne i artefakty historyczne.', 'gpt-4.1-mini', '2025-05-02 11:37:35', '2025-05-02 11:37:35', 'accepted', 0),
	(47, 1, 13, 'Park Miejski', 'Rozległy park w centrum miasta, idealny na relaks i aktywny wypoczynek. Oferuje piękne alejki, jeziorka, ogrody kwiatowe i place zabaw dla dzieci.', 'gpt-4.1-mini', '2025-05-02 11:37:35', '2025-05-02 11:37:35', 'accepted', 0),
	(48, 1, 14, 'Rynek Główny sześciokątny', 'Największy średniowieczny rynek w Europie, otoczony zabytkowymi kamienicami i kościołami. Warto odwiedzić Sukiennice, które znajdują się w centralnej części rynku, gdzie można zakupić pamiątki i rękodzieło.', 'gpt-4.1-mini', '2025-05-02 11:49:32', '2025-05-02 11:49:32', 'accepted', 0),
	(49, 1, 14, 'Zamek Królewski', 'Imponująca budowla z XIV wieku położona na wzgórzu, oferująca piękny widok na miasto i rzekę. Wnętrza zamku kryją cenne kolekcje sztuki, meble z epoki oraz interesujące wystawy historyczne.', 'gpt-4.1-mini', '2025-05-02 11:49:32', '2025-05-02 11:49:32', 'accepted', 0);
INSERT IGNORE INTO `recom` (`rec_id`, `rec_usr_id`, `rec_cit_id`, `rec_title`, `rec_desc`, `rec_model`, `rec_date_created`, `rec_date_modified`, `rec_status`, `rec_done`) VALUES
	(50, 1, 14, 'Stare Miasto', 'Zabytkowa dzielnica pełna urokliwych uliczek, kamienic i kościołów. Idealne miejsce na spacer, z licznymi kawiarniami, restauracjami i sklepami z pamiątkami.', 'gpt-4.1-mini', '2025-05-02 11:49:32', '2025-05-02 13:01:24', 'accepted', 1),
	(51, 1, 14, 'Muzeum Narodowe', 'Jedno z najważniejszych muzeów w kraju, prezentujące bogaty zbiór dzieł sztuki od średniowiecza po współczesność, w tym obrazy, rzeźby.', 'gpt-4.1-mini', '2025-05-02 11:49:32', '2025-05-02 13:28:12', 'accepted', 1),
	(52, 1, 15, 'Rynek Główny sześciokątny', 'Największy średniowieczny rynek w Europie, otoczony zabytkowymi kamienicami i kościołami. Warto odwiedzić Sukiennice, które znajdują się w centralnej części rynku, gdzie można zakupić pamiątki i rękodzieło.', 'gpt-4.1-mini', '2025-05-02 11:50:46', '2025-05-02 11:50:46', 'accepted', 0),
	(53, 1, 15, 'Zamek Królewski', 'Imponująca budowla z XIV wieku położona na wzgórzu, oferująca piękny widok na miasto i rzekę. Wnętrza zamku kryją cenne kolekcje sztuki, meble z epoki oraz interesujące wystawy historyczne.', 'gpt-4.1-mini', '2025-05-02 11:50:46', '2025-05-02 11:50:46', 'accepted', 0),
	(54, 1, 14, 'Chata sołtysa', 'Wyposażona w sołtysa i jego kozę.', 'manual', '2025-05-02 13:01:12', '2025-05-03 10:19:43', 'accepted', 0),
	(63, 1, 25, 'Nysa - Kraków: 236 km', 'Kieruj się Kolejowa na północny wschód w stronę Wolności (0,3 km)Trzymaj się lewej strony i kieruj się na Józefa Bema/DW489 (30 m)Skręć w lewo w Stanisława Worcella (0,1 km)Skręć w prawo w Pawia (0,2 km)', 'route_planner', '2025-05-04 09:02:52', '2025-05-04 09:02:52', 'accepted', 0),
	(64, 1, 25, 'Rynek Główny sześciokątny', 'Największy średniowieczny rynek w Europie, otoczony zabytkowymi kamienicami i kościołami. Warto odwiedzić Sukiennice, które znajdują się w centralnej części rynku, gdzie można zakupić pamiątki i rękodzieło.', 'gpt-4.1-mini', '2025-05-04 09:02:52', '2025-05-04 09:02:52', 'accepted', 0),
	(65, 1, 25, 'Zamek Królewski', 'Imponująca budowla z XIV wieku położona na wzgórzu, oferująca piękny widok na miasto i rzekę. Wnętrza zamku kryją cenne kolekcje sztuki, meble z epoki oraz interesujące wystawy historyczne.', 'gpt-4.1-mini', '2025-05-04 09:02:52', '2025-05-04 09:02:52', 'accepted', 0),
	(66, 1, 25, 'Park Miejski', 'Rozległy park w centrum miasta, idealny na relaks i aktywny wypoczynek. Oferuje piękne alejki, jeziorka, ogrody kwiatowe i place zabaw dla dzieci.', 'gpt-4.1-mini', '2025-05-04 09:02:52', '2025-05-04 09:02:52', 'accepted', 0),
	(69, 1, 10, 'tttgggggggv', 'gggggg', 'manual', '2025-05-04 17:55:17', '2025-05-04 17:55:17', 'accepted', 0),
	(70, 5, 27, 'Wrocław - Płock: 330 km', 'Kieruj się Świętej Katarzyny na południe w stronę Wita Stwosza (3 m)Kontynuuj wzdłuż bł. Czesława (0,1 km)Skręć łagodnie w lewo, kierunek: Oławska (68 m)Skręć w lewo w Oławska (0,2 km)Kontynuuj wzdłuż Generała Romualda Traugutta (0,1 km)Lekko w lewo w plac Społeczny (0,6 km)Kontynuuj wzdłuż most Grunwaldzki/DW372Jedź dalej DW372 (0,6 km)Na rondo Ronalda Reagana drugi zjazd w plac Grunwaldzki/DW372 (0,3 km)Dalej prosto, pozostając na plac Grunwaldzki/DW372Jedź dalej DW372 (3,5 km)Skręć w prawo w Bolesława Krzywoustego/DW372Jedź dalej DW372 (7,3 km)Kontynuuj wzdłuż Wrocławska/DW368 (13,5 km)Trzymaj się lewej strony, jadąc dalej po DW368 (2,4 km)Wjedź na S8 (181 km)Wjedź na A1/E75 (79,8 km)Zjedź, kierunek: DK60 (1,1 km)Na rondzie drugi zjazd w: DK60 (31,7 km)Na rondo bł.o. Honorata Koźmińskiego drugi zjazd w Kutnowska/DK62Jedź dalej DK62 (5,4 km)Na rondo Inż. Jana Marka Lajourdie pierwszy zjazd w Kolejowa (0,3 km)Kontynuuj wzdłuż most Legionów Józefa Piłsudskiego (0,7 km)Kontynuuj wzdłuż Mostowa (0,5 km)Na rondzie trzeci zjazd w: aleja Jana Kilińskiego (1,1 km)', 'route_planner', '2025-05-05 06:03:54', '2025-05-05 06:03:54', 'accepted', 0),
	(71, 5, 27, 'Rynek Główny trójkątny', 'Największy średniowieczny rynek w Europie, otoczony zabytkowymi kamienicami i kościołami. Warto odwiedzić Sukiennice.', 'gpt-4.1-mini', '2025-05-05 06:03:54', '2025-05-05 06:03:54', 'accepted', 0);
INSERT IGNORE INTO `recom` (`rec_id`, `rec_usr_id`, `rec_cit_id`, `rec_title`, `rec_desc`, `rec_model`, `rec_date_created`, `rec_date_modified`, `rec_status`, `rec_done`) VALUES
	(72, 5, 27, 'Zamek Królewski', 'Imponująca budowla z XIV wieku położona na wzgórzu, oferująca piękny widok na miasto i rzekę. Wnętrza zamku kryją cenne kolekcje sztuki, meble z epoki oraz interesujące wystawy historyczne.', 'gpt-4.1-mini', '2025-05-05 06:03:54', '2025-05-05 06:03:54', 'accepted', 0),
	(73, 5, 27, 'Stare Miasto', 'Zabytkowa dzielnica pełna urokliwych uliczek, kamienic i kościołów. Idealne miejsce na spacer, z licznymi kawiarniami, restauracjami i sklepami z pamiątkami.', 'gpt-4.1-mini', '2025-05-05 06:03:54', '2025-05-05 06:03:54', 'accepted', 0),
	(74, 5, 27, 'Muzeum Narodowe', 'Jedno z najważniejszych muzeów w kraju, prezentujące bogaty zbiór dzieł sztuki od średniowiecza po współczesność, w tym obrazy, rzeźby, rzemiosło artystyczne i artefakty historyczne.', 'gpt-4.1-mini', '2025-05-05 06:03:54', '2025-05-05 06:03:54', 'accepted', 0),
	(75, 5, 27, 'Park Miejski', 'Rozległy park w centrum miasta, idealny na relaks i aktywny wypoczynek. Oferuje piękne alejki, jeziorka, ogrody kwiatowe i place zabaw dla dzieci.', 'gpt-4.1-mini', '2025-05-05 06:03:54', '2025-05-05 06:03:54', 'accepted', 0),
	(76, 5, 28, 'Wrocław - Konin: 174 km', 'Kieruj się Świętej Katarzyny na południe w stronę Wita Stwosza (3 m)\nKontynuuj wzdłuż bł. Czesława (0,1 km)\nSkręć łagodnie w lewo, kierunek: Oławska (68 m)\nSkręć w lewo w Oławska (0,2 km)Kontynuuj wzdłuż Generała Romualda Traugutta (0,1 km)Lekko w lewo w plac Społeczny (0,6 km)Kontynuuj wzdłuż most Grunwaldzki/DW372Jedź dalej DW372 (0,6 km)Na rondo Ronalda Reagana drugi zjazd w plac Grunwaldzki/DW372 (0,3 km)Dalej prosto, pozostając na plac Grunwaldzki/DW372Jedź dalej DW372 (3,5 km)Skręć w prawo w Bolesława Krzywoustego/DW372Jedź dalej DW372 (7,3 km)Kontynuuj wzdłuż Wrocławska/DW368 (13,5 km)Trzymaj się lewej strony, jadąc dalej po DW368 (2,4 km)Wjedź na S8 (4,9 km)Na węźle Oleśnica Północ trzymaj się prawej strony i jedź zgodnie ze znakami na Droga Krajowa 25, kierunek: Ostrów Wlkp./Oleśnica (0,5 km)Na rondzie trzeci zjazd w: DK25 (16,6 km)Na rondzie drugi zjazd w: DK25 (27,8 km)Skręć w lewo w DK11/DK25 (5,5 km)Na rondzie drugi zjazd w: DK25, kierunek: Ostrów Wielkopolski/Poznań/Kalisz (12,4 km)Zjedź na Droga Krajowa 25, kierunek: Kalisz (0,4 km)Wjedź na DK25 (14,8 km)Skręć w zjazd, kierunek: Kalisz Konin/Sieradz/Września/Grabow/Koto (0,3 km)Kontynuuj wzdłuż Aleja Wojska Polskiego/DK25 (1,9 km)Na rondzie trzeci zjazd w: Podmiejska/DK25 (0,6 km)Na Rondo Honorowych Dawców Krwi pierwszy zjazd w Podmiejska/DK25 (4,3 km)Skręć w prawo w Cypriana Godebskiego/DK12/DK25 (0,2 km)Na Rondo Altera trzeci zjazd w Stawiszyńska/DK25Jedź dalej DK25 (32,6 km)Na rondzie drugi zjazd w: DK25 (19,5 km)Na rondo Miast Partnerskich pierwszy zjazd w Poznańska/Trasa Warszawska/DK25/DK92Jedź dalej Trasa Warszawska/DK25/DK92 (0,6 km)Skręć w lewo w Przemysłowa/DK25 (0,9 km)Na Rondo NSZZ Solidarności czwarty zjazd w Przemysłowa/DK25 (1,0 km)', 'route_planner', '2025-05-05 06:13:26', '2025-05-05 06:15:18', 'edited', 0),
	(77, 5, 28, 'Rynek Główny sześciokątny', 'Największy średniowieczny rynek w Europie, otoczony zabytkowymi kamienicami i kościołami. Warto odwiedzić Sukiennice, które znajdują się w centralnej części rynku, gdzie można zakupić pamiątki i rękodzieło.', 'gpt-4.1-mini', '2025-05-05 06:13:26', '2025-05-05 06:13:26', 'accepted', 0),
	(78, 5, 28, 'Stare Miasto', 'Zabytkowa dzielnica pełna urokliwych uliczek, kamienic i kościołów. Idealne miejsce na spacer, z licznymi kawiarniami, restauracjami i sklepami z pamiątkami.', 'gpt-4.1-mini', '2025-05-05 06:13:26', '2025-05-05 06:13:26', 'accepted', 0),
	(79, 5, 28, 'Muzeum Narodowe', 'Jedno z najważniejszych muzeów w kraju, prezentujące bogaty zbiór dzieł sztuki od średniowiecza po współczesność, w tym obrazy, rzeźby, rzemiosło artystyczne i artefakty historyczne.', 'gpt-4.1-mini', '2025-05-05 06:13:26', '2025-05-05 06:13:26', 'accepted', 0),
	(80, 5, 28, 'Park Miejski', 'Rozległy park w centrum miasta, idealny na relaks i aktywny wypoczynek. Oferuje piękne alejki, jeziorka, ogrody kwiatowe i place zabaw dla dzieci.', 'gpt-4.1-mini', '2025-05-05 06:13:26', '2025-05-05 06:13:26', 'accepted', 0);
INSERT IGNORE INTO `recom` (`rec_id`, `rec_usr_id`, `rec_cit_id`, `rec_title`, `rec_desc`, `rec_model`, `rec_date_created`, `rec_date_modified`, `rec_status`, `rec_done`) VALUES
	(81, 5, 29, 'Wrocław - Lizbona: 3030 km', 'Kieruj się Świętej Katarzyny na południe w stronę Wita Stwosza (3 m)\nKontynuuj wzdłuż bł. Czesława (0,1 km)\nKontynuuj wzdłuż ks. Piotra Skargi (0,5 km)\nKontynuuj wzdłuż Hugona Kołłątaja (0,2 km)\nSkręć łagodnie w prawo, kierunek: Stawowa (0,1 km)\nKontynuuj wzdłuż Stawowa (0,4 km)\nKontynuuj wzdłuż Borowska (0,2 km)\nKontynuuj wzdłuż Ślężna (0,3 km)\nDalej prosto po Ślężna/DW372Jedź dalej DW372 (4,1 km)\nLekko w lewo w al. Karkonoska/DK5 (2,5 km)\nWjedź na A4Wjeżdżasz do: Niemcy (153 km)\nKontynuuj wzdłuż A4 (0,8 km)\nZjedź, kierunek: An der Neiße (0,3 km)\nLekko w lewo (0,2 km)\nSkręć w lewo, kierunek: A4 (0,1 km)\nWjedź na A4Fragmenty tej drogi mogą być zamknięte w określonych godzinach lub dniach (428 km)\nZjedź, kierunek: A7 (4,8 km)\nTrzymaj się lewej strony, jadąc dalej po A5 (126 km)\nZjedź, kierunek: A3 (0,3 km)\nWjedź na A3, kierunek: Köln/Wiesbaden/Mainz (8,6 km)\nNa węźle 48-Dreieck Mönchhof-Raunheim trzymaj się prawej strony i jedź zgodnie ze znakami na A67, kierunek: Darmstadt/Mainz/Rüsselsheim (2,0 km)\nKontynuuj wzdłuż A67 (4,4 km)\nNa węźle 3-Rüsselsheimer Dreieck trzymaj się prawej strony i jedź zgodnie ze znakami na A60, kierunek: Mainz/Wiesbaden/Rüsselsheim (1,1 km)\nKontynuuj wzdłuż A60 (16,5 km)\nZjedź, kierunek: A63 (69,8 km)\nNa węźle 15-Dreieck Kaiserslautern jedź zgodnie ze znakami na A6, kierunek: Saarbrücken/Pirmasens/Kaisersl.-West (66,4 km)\nSkręć łagodnie w prawo, pozostając na A6 (drogowskazy, kierunek: Paris/Metz/Strasbourg/Sbr.-Goldene Bremm/Gewerbegebiet-Süd/Autohof)Wjeżdżasz do: Francja (6,5 km)\nKontynuuj wzdłuż A320Droga płatna (13,8 km)\nWjedź na A4Droga płatna (41,1 km)\nTrzymaj się prawej strony, jadąc dalej po A4/E25/E50, podążaj za znakami „Paris/Luxembourg/Thionville”Jedź dalej A4/E50Droga płatna (159 km)\nZjedź na A26/E17, kierunek: Saint Gibrien/Épernay/Troyes/OrléansDroga płatna (96,5 km)\nZjedź na A5, kierunek: Orléans/Paris/Auxerre/SensDroga płatna (69,5 km)\nZjedź na A19/E511, kierunek: Sens/Provins/OrléansDroga płatna (1,6 km)\nKontynuuj wzdłuż A19/E511Droga płatna (26,9 km)\nSkręć łagodnie w prawo w zjazd, kierunek: A19Droga płatna (1,5 km)\nKontynuuj wzdłuż A19Droga płatna (101 km)\nWjedź na A10Droga płatna (458 km)\nWybierz zjazd 1 na N230, kierunek: Toulouse/Bayonne/Bass. d\'Arcachon/Bordeaux/Périgueux (1,0 km)\nKontynuuj wzdłuż N230 (9,4 km)\nKontynuuj wzdłuż A630 (9,3 km)\nWybierz zjazd 15 na A63/E5/E70, kierunek: St Sébastien/Bayonne/Mont de Marsan/Bassin/D\'Arcachon (1,0 km)\nKontynuuj wzdłuż A63/E5/E70 (52,0 km)\nKontynuuj wzdłuż A63/E5/E70Droga płatnaWjeżdżasz do: Hiszpania (153 km)\nDalej prostoDroga płatna (55 m)\nKontynuuj wzdłuż AP-8Droga płatna (12,1 km)\nSkręć lekko w prawo w E-5/E-70/AP-8 (drogowskazy, kierunek: E-80/AP-1/Bilbao/Vitoria-Gasteiz/Burgos/A-15/Hernani/Iruña/Pamplona)Droga płatna (56,5 km)\nWybierz zjazd 69 na E-5/E-80/AP-1, kierunek: Bergara/Vitoria-GasteizDroga płatna (1,1 km)\nKontynuuj wzdłuż E-5/AP-1Droga płatna (43,7 km)\nWybierz zjazd 101 na N-622/E-5/E-80, kierunek: A-1/Burgos (2,0 km)\nWjedź na E-5/N-622 (1,7 km)\nWybierz zjazd 5 na E-5/E-80/A-1, kierunek: Burgos/Madrid (0,7 km)\nWjedź na E-5/A-1 (23,3 km)\nWybierz zjazd 328 na E-5/E-80/AP-1, kierunek: Burgos/AP-68/Logroño/Bilbao (1,7 km)\nKontynuuj wzdłuż E-5/AP-1 (82,1 km)\nKontynuuj wzdłuż E-5/E80 (0,2 km)\nKontynuuj wzdłuż E-5/A-1/BU-30/E80 (6,3 km)\nTrzymaj się prawej strony, jadąc dalej po BU-30 (4,2 km)\nTrzymaj się lewej strony, jadąc dalej po A-62, podążaj za znakami „E-80/Palencia/Valladolid” (144 km)\nZjedź na A-6, kierunek: E-80/A-62/Salamanca/E-82/A-11/Zamora/A Coruña (2,9 km)\nTrzymaj się prawej strony, jadąc dalej po A-62, podążaj za znakami „E-82/Zamora/A-11/E-80/Salamanca/Portugal”Wjeżdżasz do: Portugalia (203 km)\nDalej prosto (0,1 km)\nKontynuuj wzdłuż A25 (35,0 km)\nTrzymaj się lewej strony, jadąc dalej po A23, podążaj za znakami „Guarda Sul/Covilhã/IP2/Portalegre”Droga płatna (214 km)\nZjedź w lewo na A1, kierunek: Lisboa/SantarémDroga płatna (94,5 km)\nKontynuuj wzdłuż E1 (1,1 km)\nWybierz zjazd 2, kierunek: Pq.das Nações/Olivais Sul/Aeroporto (0,3 km)\nSkręć w prawo w Av. de Berlim (53 m)\nNa rondzie trzeci zjazd w: Alameda das Comunidades Portuguesas (1,0 km)\nNa rondzie trzeci zjazd w: Av. Alm. Gago Coutinho (2,4 km)\nNa rondzie czwarty zjazd w: Av. Alm. Reis (1,0 km)\nSkręć w prawo w R. António Pereira Carrilho (0,1 km)\nSkręć w lewo w R. Alves Torgo (0,2 km)\nKontynuuj wzdłuż Rua de Arroios (0,7 km)\nKontynuuj wzdłuż R. Santa Bárbara (0,3 km)\nSkręć w prawo w Calçada Conde Pombeiro (12 m)\nSkręć w lewo w Paço da Rainha (0,2 km)\nKontynuuj wzdłuż Largo Mitelo (35 m)', 'route_planner', '2025-05-05 06:21:48', '2025-05-05 06:21:48', 'accepted', 0);
INSERT IGNORE INTO `recom` (`rec_id`, `rec_usr_id`, `rec_cit_id`, `rec_title`, `rec_desc`, `rec_model`, `rec_date_created`, `rec_date_modified`, `rec_status`, `rec_done`) VALUES
	(82, 5, 29, 'Rynek Główny sześciokątny', 'Największy średniowieczny rynek w Europie, otoczony zabytkowymi kamienicami i kościołami. Warto odwiedzić Sukiennice, które znajdują się w centralnej części rynku, gdzie można zakupić pamiątki i rękodzieło.', 'gpt-4.1-mini', '2025-05-05 06:21:48', '2025-05-05 06:21:48', 'accepted', 0),
	(83, 1, 30, 'Nowa Atrakcja 1', 'To jest zupełnie nowa atrakcja, której nie było wcześniej. Opis musi być wystarczająco długi, aby przejść walidację (minimum 100 znaków). Lorem ipsum dolor sit amet, consectetur adipiscing elit.', 'gpt-4.1-mini', '2025-05-05 11:19:48', '2025-05-05 11:28:35', 'accepted', 0),
	(84, 1, 30, 'Stare Miasto', 'Zabytkowa dzielnica pełna urokliwych uliczek, kamienic i kościołów. Idealne miejsce na spacer, z licznymi kawiarniami, restauracjami i sklepami z pamiątkami.', 'gpt-4.1-mini', '2025-05-05 11:19:48', '2025-05-05 11:19:48', 'accepted', 0),
	(85, 1, 30, 'Muzeum Narodowe', 'Jedno z najważniejszych muzeów w kraju, prezentujące bogaty zbiór dzieł sztuki od średniowiecza po współczesność, w tym obrazy, rzeźby, rzemiosło artystyczne oraz artefakty historyczne.', 'gpt-4.1-mini', '2025-05-05 11:19:48', '2025-05-05 11:19:48', 'accepted', 0),
	(87, 1, 31, 'Inny punkt widokowy na skarpie', 'Kolejna unikalna propozycja wygenerowana w ramach uzupełnienia. Zapewnia inne spojrzenie na miasto niż poprzednie rekomendacje. Pamiętajmy o minimalnej długości opisu.', 'gpt-4.1-mini', '2025-05-05 11:34:27', '2025-05-05 11:34:27', 'accepted', 0),
	(88, 1, 31, 'Stare Miasto', 'Zabytkowa dzielnica pełna urokliwych uliczek, kamienic i kościołów. Idealne miejsce na spacer, z licznymi kawiarniami, restauracjami i sklepami z pamiątkami.', 'gpt-4.1-mini', '2025-05-05 11:34:27', '2025-05-05 11:34:27', 'accepted', 0),
	(89, 1, 32, 'Nysa - Lipsk: 444 km', 'Kieruj się Kolejowa na północny wschód w stronę Wolności (0,3 km)\nTrzymaj się lewej strony i kieruj się na Józefa Bema/DW489 (30 m)\nNa Rondo Imienia Władysława Sikorskiego czwarty zjazd w Józefa Bema/DW489Jedź dalej DW489 (0,4 km)\nNa Rondo Solidarności pierwszy zjazd w Bramy Grodkowskiej (0,4 km)\nBramy Grodkowskiej skręca łagodnie w prawo i przechodzi w Grodkowska (2,1 km)\nNa rondzie pierwszy zjazd w: Grodkowska/DK46 (0,2 km)\nNa rondzie pierwszy zjazd w: Grodkowska/DK46Jedź dalej DK46 (5,8 km)\nNa rondzie drugi zjazd w: DW401 (15,1 km)\nNa rondzie trzeci zjazd w: DW385/DW401 (3,6 km)\nKontynuuj wzdłuż DW401 (9,6 km)\nSkręć w prawo, pozostając na DW401 (0,4 km)\nSkręć w zjazd, kierunek: A4 (0,3 km)\nSkręć łagodnie w prawo aby wjechać na A4, kierunek: WrocławDroga płatnaWjeżdżasz do: Niemcy (194 km)\nKontynuuj wzdłuż A4 (0,8 km)\nZjedź, kierunek: An der Neiße (0,3 km)\nLekko w lewo (0,2 km)\nSkręć w lewo, kierunek: A4 (0,1 km)\nWjedź na A4Fragmenty tej drogi mogą być zamknięte w określonych godzinach lub dniach (125 km)\nSkręć lekko w prawo w A14 (drogowskazy, kierunek: Magdeburg/Halle/Leipzig) (75,7 km)\nWybierz zjazd 25-Leipzig-Nordost, kierunek: Leipzig-Nordost/Eilenburg/Taucha/Torgau/B87 (0,3 km)\nSkręć w zjazd na B87, kierunek: Leipzig (53 m)\nSkręć w lewo w Leipziger Str./B87Jedź dalej B87 (3,7 km)\nSkręć w prawo w Adenauerallee/B6/B87Jedź dalej B87 (3,1 km)\nSkręć w prawo w Brandenburger Str. (0,1 km)\nSkręć w prawo w Brandenburger Str./B87Jedź dalej B87 (1,5 km)\nSkręć w lewo w Goerdelerring (0,3 km)\nTrzymaj się lewej strony, jadąc dalej po Dittrichring (0,3 km)\nSkręć w lewo, pozostając na Dittrichring (46 m)\nDalej prosto po Thomaskirchhof (90 m)', 'route_planner', '2025-05-05 11:37:43', '2025-05-05 11:37:43', 'accepted', 0),
	(90, 1, 32, 'Rynek Główny sześciokątny', 'Największy średniowieczny rynek w Europie, otoczony zabytkowymi kamienicami i kościołami. Warto odwiedzić Sukiennice, które znajdują się w centralnej części rynku, gdzie można zakupić pamiątki i rękodzieło.', 'gpt-4.1-mini', '2025-05-05 11:37:43', '2025-05-05 11:37:43', 'accepted', 0),
	(91, 1, 32, 'Zamek Królewski', 'Imponująca budowla z XIV wieku położona na wzgórzu, oferująca piękny widok na miasto i rzekę. Wnętrza zamku kryją cenne kolekcje sztuki, meble z epoki oraz interesujące wystawy historyczne.', 'gpt-4.1-mini', '2025-05-05 11:37:43', '2025-05-05 11:37:43', 'accepted', 0);
INSERT IGNORE INTO `recom` (`rec_id`, `rec_usr_id`, `rec_cit_id`, `rec_title`, `rec_desc`, `rec_model`, `rec_date_created`, `rec_date_modified`, `rec_status`, `rec_done`) VALUES
	(92, 1, 33, 'Mauerpark – popularny park z targiem i karaoke na świeżym powietrzu', 'Mauerpark to jedno z najbardziej tętniących życiem miejsc w Berlinie, słynące z niedzielnego targu z różnorodnymi stoiskami rękodzieła, jedzenia i antyków. W parku odbywają się też spontaniczne sesje karaoke na świeżym powietrzu, które przyciągają zarówno turystów, jak i mieszkańców, tworząc wyjątkową atmosferę pełną zabawy i integracji.', 'gpt-4.1-mini', '2025-05-05 11:56:46', '2025-05-05 11:56:46', 'accepted', 0),
	(93, 1, 33, 'Teufelsberg – opuszczona amerykańska stacja nasłuchowa na sztucznie usypanym wzgórzu', 'Teufelsberg to unikalne miejsce w Berlinie – sztucznie usypane wzgórze, na którym stoi opuszczona stacja nasłuchowa z czasów zimnej wojny. Dziś jest to popularne miejsce do zwiedzania dla miłośników historii, sztuki ulicznej i panoramy miasta. Wnętrza stacji pokryte są kolorowymi graffiti, a szczyt wzgórza oferuje niesamowite widoki na Berlin.', 'gpt-4.1-mini', '2025-05-05 11:56:46', '2025-05-08 13:28:04', 'accepted', 0),
	(94, 1, 33, 'Turm der Weltzeituhr – zegar światowy na placu Alexanderplatz', 'Chociaż Alexanderplatz jest na liście miejsc do pominięcia, warto zwrócić uwagę na Turm der Weltzeituhr – imponujący zegar światowy, który wskazuje czas w różnych strefach czasowych na całym świecie. To interesująca konstrukcja z lat 60., która stanowi popularne miejsce spotkań i punkt orientacyjny w centrum Berlina.', 'gpt-4.1-mini', '2025-05-05 11:56:46', '2025-05-05 11:56:46', 'accepted', 0),
	(95, 1, 33, 'Badeschiff – pływający basen na rzece Sprewie', 'Badeschiff to wyjątkowa atrakcja – basen kąpielowy umieszczony na barce zacumowanej na rzece Sprewie. To miejsce popularne latem, oferujące możliwość kąpieli z widokiem na panoramę miasta, a także bar i miejsce do relaksu. Badeschiff łączy w sobie miejską rekreację z nietypową lokalizacją na wodzie.', 'gpt-4.1-mini', '2025-05-05 11:56:46', '2025-05-08 13:18:29', 'rejected', 1),
	(96, 1, 33, 'Gärten der Welt – rozległe ogrody tematyczne z różnych stron świata', 'Gärten der Welt to kompleks ogrodów tematycznych położony na obrzeżach Berlina, gdzie można podziwiać aranżacje ogrodów z różnych kultur, takich jak japoński, chiński czy orientalny. To świetne miejsce na spokojny spacer i poznanie różnorodności ogrodniczej tradycji w pięknym, zielonym otoczeniu.', 'gpt-4.1-mini', '2025-05-05 11:56:46', '2025-05-05 11:56:46', 'accepted', 0),
	(97, 1, 33, 'Nysa - Berlin: 415 km', 'Kieruj się Kolejowa na północny wschód w stronę Wolności (0,3 km)\nTrzymaj się lewej strony i kieruj się na Józefa Bema/DW489 (30 m)\nNa Rondo Imienia Władysława Sikorskiego czwarty zjazd w Józefa Bema/DW489Jedź dalej DW489 (0,4 km)\nNa Rondo Solidarności pierwszy zjazd w Bramy Grodkowskiej (0,4 km)\nBramy Grodkowskiej skręca łagodnie w prawo i przechodzi w Grodkowska (2,1 km)\nNa rondzie pierwszy zjazd w: Grodkowska/DK46 (0,2 km)\nNa rondzie pierwszy zjazd w: Grodkowska/DK46Jedź dalej DK46 (5,8 km)\nNa rondzie drugi zjazd w: DW401 (15,1 km)\nNa rondzie trzeci zjazd w: DW385/DW401 (3,6 km)\nKontynuuj wzdłuż DW401 (9,6 km)\nSkręć w prawo, pozostając na DW401 (0,4 km)\nSkręć w zjazd, kierunek: A4 (0,3 km)\nSkręć łagodnie w prawo aby wjechać na A4, kierunek: WrocławDroga płatna (143 km)\nWybierz zjazd Krzyżowa, kierunek: Autostrada A18 (1,3 km)\nKontynuuj wzdłuż Autostrada A18Wjeżdżasz do: Niemcy (75,1 km)\nKontynuuj wzdłuż A 15 (64,0 km)\nTrzymaj się lewej strony, jadąc dalej po E36, podążaj za znakami „Berlin/Potsdam/Lübbenau/A13” (0,7 km)\nKontynuuj wzdłuż A13/E36 (62,2 km)\nKontynuuj wzdłuż A113 (18,8 km)\nKontynuuj wzdłuż A 100 (4,4 km)\nWybierz zjazd Tempelhofer Damm, kierunek: Tempelhofer Damm/Potsdamer Platz Zentrum/Flughafen Tempelhof (0,3 km)\nSkręć w prawo w Tempelhofer Damm/B96Jedź dalej B96 (3,2 km)\nDalej prosto po Wilhelmstraße (1,8 km)\nSkręć w prawo w Französische Str. (0,9 km)\nSkręć w lewo w Hinter d. Katholischen Kirche (0,1 km)\nKontynuuj wzdłuż Bebelpl. (0,1 km)\nSkręć w prawo w Unter den Linden/B2Jedź dalej B2 (0,7 km)', 'route_planner', '2025-05-05 11:56:46', '2025-05-05 11:56:46', 'accepted', 0);
INSERT IGNORE INTO `recom` (`rec_id`, `rec_usr_id`, `rec_cit_id`, `rec_title`, `rec_desc`, `rec_model`, `rec_date_created`, `rec_date_modified`, `rec_status`, `rec_done`) VALUES
	(98, 1, 33, 'Brama Brandenburska', 'Symbol Berlina i Niemiec, historyczna brama miejska z XVIII wieku, miejsce wielu ważnych wydarzeń historycznych i popularny punkt spotkań turystów.', 'gpt-4.1-mini', '2025-05-05 11:56:46', '2025-05-05 11:56:46', 'accepted', 0),
	(99, 1, 33, 'Muzeum Pergamońskie', 'Jedno z najważniejszych muzeów w Berlinie, słynące z imponującej kolekcji starożytnych dzieł sztuki, w tym ołtarza pergamońskiego i bramy Isztar z Babilonu.', 'gpt-4.1-mini', '2025-05-05 11:56:46', '2025-05-05 11:56:46', 'accepted', 0),
	(100, 1, 33, 'Reichstag!', 'Siedziba niemieckiego parlamentu, oferuje zwiedzanie z przewodnikiem oraz wejście na szklaną kopułę, skąd rozciąga się panoramiczny widok na miasto i okolice.', 'gpt-4.1-mini', '2025-05-05 11:56:46', '2025-05-08 13:28:31', 'edited', 0),
	(101, 1, 33, 'East Side Gallery', 'Najdłuższy zachowany fragment Muru Berlińskiego, który został pokryty licznymi muralami artystów z całego świata, symbolizujący wolność i jedność.', 'gpt-4.1-mini', '2025-05-05 11:56:46', '2025-05-05 11:56:46', 'accepted', 0),
	(102, 1, 33, 'Wyspa Muzeów', 'Kompaktowy kompleks pięciu światowej klasy muzeów na rzece Sprewie, w tym Muzeum Altes, Nowe Muzeum i Muzeum Bodego, idealny dla miłośników sztuki i historii.', 'gpt-4.1-mini', '2025-05-05 11:56:46', '2025-05-08 13:20:02', 'accepted', 1),
	(103, 1, 33, 'Checkpoint Charlie', 'Znany punkt kontrolny z czasów zimnej wojny między Berlinem Wschodnim a Zachodnim, dziś miejsce muzeum i przypomnienie o podziale miasta.', 'gpt-4.1-mini', '2025-05-05 11:56:46', '2025-05-05 11:56:46', 'accepted', 0),
	(104, 1, 33, 'Alexanderplatz', 'Centralny plac Berlina, otoczony sklepami, restauracjami i wieżą telewizyjną, popularne miejsce spotkań i start do zwiedzania miasta.', 'gpt-4.1-mini', '2025-05-05 11:56:46', '2025-05-05 11:56:46', 'accepted', 0),
	(106, 1, 33, 'Pomnik Pomordowanych Żydów Europy', 'Wzruszający pomnik upamiętniający ofiary Holokaustu, składający się z setek betonowych bloków o różnej wysokości, tworzących labirynt do zwiedzania.', 'gpt-4.1-mini', '2025-05-05 11:56:46', '2025-05-05 11:56:46', 'accepted', 0),
	(107, 1, 33, 'Berlińska Katedra (Berliner Dom)', 'Imponująca katedra protestancka z bogatą historią i piękną kopułą, oferująca zwiedzającym możliwość wejścia na taras widokowy oraz zwiedzanie wnętrz.', 'gpt-4.1-mini', '2025-05-05 11:56:46', '2025-05-05 11:56:46', 'accepted', 0);
INSERT IGNORE INTO `recom` (`rec_id`, `rec_usr_id`, `rec_cit_id`, `rec_title`, `rec_desc`, `rec_model`, `rec_date_created`, `rec_date_modified`, `rec_status`, `rec_done`) VALUES
	(108, 1, 34, 'Nysa - Oslo: 1455 km', 'Kieruj się Kolejowa na północny wschód w stronę Wolności (0,3 km)\nTrzymaj się lewej strony i kieruj się na Józefa Bema/DW489 (30 m)\nNa Rondo Imienia Władysława Sikorskiego czwarty zjazd w Józefa Bema/DW489Jedź dalej DW489 (0,4 km)\nNa Rondo Solidarności pierwszy zjazd w Bramy Grodkowskiej (0,4 km)\nBramy Grodkowskiej skręca łagodnie w prawo i przechodzi w Grodkowska (2,1 km)\nNa rondzie pierwszy zjazd w: Grodkowska/DK46 (0,2 km)\nNa rondzie pierwszy zjazd w: Grodkowska/DK46Jedź dalej DK46 (5,8 km)\nNa rondzie drugi zjazd w: DW401 (15,1 km)\nNa rondzie trzeci zjazd w: DW385/DW401 (3,6 km)\nKontynuuj wzdłuż DW401 (9,6 km)\nSkręć w prawo, pozostając na DW401 (0,4 km)\nSkręć w zjazd, kierunek: A4 (0,3 km)\nSkręć łagodnie w prawo aby wjechać na A4, kierunek: WrocławDroga płatna (143 km)\nWybierz zjazd Krzyżowa, kierunek: Autostrada A18 (1,3 km)\nKontynuuj wzdłuż Autostrada A18Wjeżdżasz do: Niemcy (75,1 km)\nKontynuuj wzdłuż A 15 (64,0 km)\nTrzymaj się lewej strony, jadąc dalej po E36, podążaj za znakami „Berlin/Potsdam/Lübbenau/A13” (0,7 km)\nKontynuuj wzdłuż A13/E36 (62,2 km)\nKontynuuj wzdłuż A113 (18,8 km)\nKontynuuj wzdłuż A 100Fragmenty tej drogi mogą być zamknięte w określonych godzinach lub dniach (17,0 km)\nNa węźle 4-Dreieck Charlottenburg trzymaj się prawej strony i jedź zgodnie ze znakami na A111/E26, kierunek: Hamburg/Reinickendorf/Flughafen Tegel (0,3 km)\nKontynuuj wzdłuż A111/E26 (2,2 km)\nTrzymaj się lewej strony, jadąc dalej po A111 (1,5 km)\nZjedź, aby pozostać na A111 (20,2 km)\nWjedź na A10 (10,4 km)\nKontynuuj wzdłuż A24 (62,7 km)\nKontynuuj wzdłuż A19 (117 km)\nKontynuuj wzdłuż A19 (7,7 km)\nZjedź, kierunek: Rostock-Überseehafen/Baltic Sea Ferries / Fähren/Rostock-Krummendorf (0,3 km)\nSkręć łagodnie w prawo w zjazd, kierunek: Überseehafen/Ferries /Fähren (0,4 km)\nLekko w lewo w Zum Fährterminal (0,6 km)\nNa rondzie trzeci zjazd w: Zum Fährterminal (0,3 km)\nTrzymaj się prawej strony (0,3 km)\nWjedź na Zum Fährterminal (89 m)\nSkręć łagodnie w prawo, pozostając na Zum Fährterminal (0,8 km)\nSkręć w lewo (0,3 km)\nSkręć w lewo (0,1 km)\nWybierz prom Gedser - Rostock do GedserDroga płatnaWjeżdżasz do: Dania (48,9 km)\nDalej prosto po Gedser Landevej/E55Jedź dalej E55 (19,7 km)\nSkręć łagodnie w prawo, kierunek: Nykøbing Falster Omfartsvej/E55 (0,2 km)\nWjedź na Nykøbing Falster Omfartsvej/E55 (5,4 km)\nLekko w prawo (0,2 km)\nWjedź na Skovalleen/E55 (0,9 km)\nSkręć łagodnie w prawo, kierunek: Gaabensevej/E55 (0,1 km)\nWjedź na Gaabensevej/E55Jedź dalej E55 (7,8 km)\nSkręć w zjazd na E47/E55, kierunek: København (0,6 km)\nWjedź na E47 (103 km)\nTrzymaj się lewej strony, jadąc dalej po E20Droga płatnaWjeżdżasz do: Szwecja (27,9 km)\nDalej prosto po ØresundsmotorvejenDroga płatna (0,1 km)\nKontynuuj wzdłuż ØresundsbroenDroga płatna (0,3 km)\nKontynuuj wzdłuż E20Droga płatna (289 km)\nKontynuuj wzdłuż E6Droga płatna (2,7 km)\nSkręć łagodnie w prawo, pozostając na E6Droga płatna (59,6 km)\nWybierz zjazd 92-Lyckornamotet na trasa 167, kierunek: Ljungskile S C/Lilla Edet (0,3 km)\nTrzymaj się lewej strony i podążaj za znakami „Centrum” (30 m)\nSkręć w lewo (1,7 km)\nKontynuuj wzdłuż Uddevallavägen (8,2 km)\nSkręć w prawo w Bratterödsleden (6,9 km)\nWybierz zjazd Råsserödsmotet, kierunek: trasa 44 (0,9 km)\nKontynuuj wzdłuż trasa 44 (8,2 km)\nNa rondzie drugi zjazd w: trasa 44 (2,8 km)\nSkręć łagodnie w prawo, kierunek: zjazdy E6-Södra Torpmotet (drogowskazy, kierunek: E6/Oslo) (0,1 km)\nKontynuuj wzdłuż zjazdy E6-Södra Torpmotet (drogowskazy, kierunek: Oslo) (0,4 km)\nWjedź na E6Wjeżdżasz do: Norwegia (97,9 km)\nKontynuuj wzdłuż E6 (91,9 km)\nTrzymaj się lewej strony, pozostając na E6, podążaj za znakami „Oslo/Ring 3”Droga płatna (18,2 km)\nWybierz zjazd 32, kierunek: E18/Kristiansand/Sentrum/Ryen/Ekeberg (0,2 km)\nNa rondzie trzeci zjazd w: Svartdalstunnelen, kierunek: E18/Kristiansand/Sentrum (2,1 km)\nSvartdalstunnelen skręca łagodnie w prawo i przechodzi w E6 (0,5 km)\nWybierz zjazd 3, kierunek: E18/Stockholm/Ring 1/Sentrum Ø (0,5 km)\nNa rondzie prosto na Kong Håkon 5s gate/Ring1/Rv162Jedź dalej Ring1/Rv162 (1,3 km)\nNa rondzie pierwszy zjazd w: Østre Tangent/Rv162 (70 m)\nSkręć w lewo w Schweigaards gate/Rv162Przejedź przez 1 rondo (0,3 km)\nNa rondzie drugi zjazd w: Lybekkergata (0,2 km)', 'route_planner', '2025-05-05 12:28:03', '2025-05-05 12:28:03', 'accepted', 0);
INSERT IGNORE INTO `recom` (`rec_id`, `rec_usr_id`, `rec_cit_id`, `rec_title`, `rec_desc`, `rec_model`, `rec_date_created`, `rec_date_modified`, `rec_status`, `rec_done`) VALUES
	(109, 1, 34, 'Rynek Główny sześciokątny', 'Największy średniowieczny rynek w Europie, otoczony zabytkowymi kamienicami i kościołami. Warto odwiedzić Sukiennice, które znajdują się w centralnej części rynku, gdzie można zakupić pamiątki i rękodzieło.', 'gpt-4.1-mini', '2025-05-05 12:28:03', '2025-05-05 12:28:03', 'accepted', 0),
	(110, 1, 34, 'Zamek Królewski', 'Imponująca budowla z XIV wieku położona na wzgórzu, oferująca piękny widok na miasto i rzekę. Wnętrza zamku kryją cenne kolekcje sztuki, meble z epoki oraz interesujące wystawy historyczne.', 'gpt-4.1-mini', '2025-05-05 12:28:03', '2025-05-05 12:28:03', 'accepted', 0),
	(111, 1, 34, 'Stare Miasto', 'Zabytkowa dzielnica pełna urokliwych uliczek, kamienic i kościołów. Idealne miejsce na spacer, z licznymi kawiarniami, restauracjami i sklepami z pamiątkami.', 'gpt-4.1-mini', '2025-05-05 12:28:03', '2025-05-05 12:28:03', 'accepted', 0),
	(112, 1, 34, 'Park Miejski', 'Rozległy park w centrum miasta, idealny na relaks i aktywny wypoczynek. Oferuje piękne alejki, jeziorka, ogrody kwiatowe i place zabaw dla dzieci.', 'gpt-4.1-mini', '2025-05-05 12:28:03', '2025-05-05 12:28:03', 'accepted', 0),
	(113, 1, 35, 'Rynek Główny sześciokątny', 'Największy średniowieczny rynek w Europie, otoczony zabytkowymi kamienicami i kościołami. Warto odwiedzić Sukiennice, które znajdują się w centralnej części rynku, gdzie można zakupić pamiątki i rękodzieło.', 'gpt-4.1-mini', '2025-05-08 08:37:07', '2025-05-08 08:37:07', 'accepted', 0),
	(114, 1, 35, 'Zamek Królewski', 'Imponująca budowla z XIV wieku położona na wzgórzu, oferująca piękny widok na miasto i rzekę. Wnętrza zamku kryją cenne kolekcje sztuki, meble z epoki oraz interesujące wystawy historyczne.', 'gpt-4.1-mini', '2025-05-08 08:37:07', '2025-05-08 08:37:07', 'accepted', 0),
	(115, 1, 35, 'Stare Miasto', 'Zabytkowa dzielnica pełna urokliwych uliczek, kamienic i kościołów. Idealne miejsce na spacer, z licznymi kawiarniami, restauracjami i sklepami z pamiątkami.', 'gpt-4.1-mini', '2025-05-08 08:37:07', '2025-05-08 08:37:07', 'accepted', 0),
	(116, 1, 35, 'Muzeum Narodowe', 'Jedno z najważniejszych muzeów w kraju, prezentujące bogaty zbiór dzieł sztuki od średniowiecza po współczesność, w tym obrazy, rzeźby, rzemiosło artystyczne i artefakty historyczne.', 'gpt-4.1-mini', '2025-05-08 08:37:07', '2025-05-08 08:37:07', 'accepted', 0);
INSERT IGNORE INTO `recom` (`rec_id`, `rec_usr_id`, `rec_cit_id`, `rec_title`, `rec_desc`, `rec_model`, `rec_date_created`, `rec_date_modified`, `rec_status`, `rec_done`) VALUES
	(117, 1, 35, 'Nysa - Olsztyn: 607 km', 'Kieruj się Kolejowa na północny wschód w stronę Wolności (0,3 km)\nTrzymaj się lewej strony i kieruj się na Józefa Bema/DW489 (30 m)\nNa Rondo Imienia Władysława Sikorskiego czwarty zjazd w Józefa Bema/DW489Jedź dalej DW489 (0,4 km)\nNa Rondo Solidarności pierwszy zjazd w Bramy Grodkowskiej (0,4 km)\nBramy Grodkowskiej skręca łagodnie w prawo i przechodzi w Grodkowska (2,1 km)\nNa rondzie pierwszy zjazd w: Grodkowska/DK46 (0,2 km)\nNa rondzie pierwszy zjazd w: Grodkowska/DK46Jedź dalej DK46 (5,8 km)\nNa rondzie drugi zjazd w: DW401 (15,1 km)\nNa rondzie trzeci zjazd w: DW385/DW401 (3,6 km)\nKontynuuj wzdłuż DW401 (9,6 km)\nSkręć w prawo, pozostając na DW401 (0,4 km)\nSkręć w zjazd, kierunek: A4 (0,3 km)\nSkręć łagodnie w prawo aby wjechać na A4, kierunek: WrocławDroga płatna (42,8 km)\nNa węźle Wrocław Południe trzymaj się prawej strony i jedź zgodnie ze znakami na E67/A8, kierunek: Wrocław/Warszawa/Poznań/Port Lotniczy (23,0 km)\nKontynuuj wzdłuż E67/S8 (203 km)\nWjedź na A1/E75 (29,6 km)\nWybierz zjazd 20 na A2/E 30, kierunek: Warszawa (2,5 km)\nWjedź na A2 (31,9 km)\nNa węźle Skierniewice trzymaj się prawej strony i jedź zgodnie ze znakami na DK70, kierunek: Skierniewice/Łowicz (0,7 km)\nNa rondzie trzeci zjazd w: DK70 (3,7 km)\nSkręć w prawo w Aleja Lipowa (2,3 km)\nSkręć w lewo w aleja Legionów Polskich (7,9 km)\nSkręć w prawo w DK92 (13,9 km)\nNa rondzie trzeci zjazd w: DK50 (6,3 km)\nNa rondzie pierwszy zjazd w: DK50 (44,4 km)\nNa rondzie prosto na Wyszogrodzka/DW632Jedź dalej DW632 (1,8 km)\nSkręć w lewo w Żołnierzy WyklętychPrzejedź przez 1 rondo (0,8 km)\nNa Rondo 100-lecia Odzyskania Niepodległości pierwszy zjazd w Henryka Sienkiewicza (0,2 km)\nNa rondzie trzeci zjazd aby wjechać na DK7/E77, kierunek: Gdańsk (0,4 km)\nWjedź na E77/S7 (117 km)\nNa węźle Olsztynek Zachód trzymaj się prawej strony i jedź zgodnie ze znakami na S51, kierunek: Olsztyn/Bezledy/Olsztynek/Szczytno (0,3 km)\nSkręć w zjazd, kierunek: S51 (0,1 km)\nKontynuuj wzdłuż S51 (19,0 km)\nZjedź, kierunek: S16 (0,7 km)\nSkręć w zjazd, kierunek: S16 (0,5 km)\nSkręć łagodnie w prawo w zjazd, kierunek: S16 (0,6 km)\nWjedź na S16 (7,1 km)\nSkręć łagodnie w prawo, kierunek: Sielska (0,1 km)\nWjedź na Sielska (5,9 km)\nSkręć w lewo w al. Roberta Schumana/DK51 (0,7 km)\nNa Plac Ofiar Katastrofy Smoleńskiej drugi zjazd w Artyleryjska/Bohaterów Bitwy Warszawskiej 1920/DK51 (1,1 km)\nSkręć w prawo w Partyzantów (0,2 km)\nSkręć w prawo w 1 Maja (0,3 km)\nSkręć w prawo w 11 Listopada/plac Jana Pawla II (3 m)', 'route_planner', '2025-05-08 08:37:07', '2025-05-08 08:37:07', 'accepted', 0),
	(118, 1, 33, 'Nowa fajna', 'Do wywalenia docelowo.\nĄĆĘŁŃÓŚŻŹąćęłńóśżź', 'manual', '2025-05-08 13:29:38', '2025-05-08 13:30:37', 'edited', 0),
	(120, 1, 23, 'tyrdydtyd', 'ytydtdyd', 'manual', '2025-05-08 13:45:13', '2025-05-08 13:45:13', 'accepted', 0),
	(121, 1, 30, 'Park Miejski', 'Rozległy park w centrum miasta, idealny na relaks i aktywny wypoczynek. Oferuje piękne alejki, jeziorka, ogrody kwiatowe i place zabaw dla dzieci.', 'gpt-4.1-mini', '2025-05-09 09:18:20', '2025-05-09 09:18:20', 'accepted', 0);
INSERT IGNORE INTO `recom` (`rec_id`, `rec_usr_id`, `rec_cit_id`, `rec_title`, `rec_desc`, `rec_model`, `rec_date_created`, `rec_date_modified`, `rec_status`, `rec_done`) VALUES
	(122, 1, 30, 'Nysa - Ryga: 1106 km', 'Kieruj się Kolejowa na północny wschód w stronę Wolności (0,3 km)\nTrzymaj się lewej strony i kieruj się na Józefa Bema/DW489 (30 m)\nNa Rondo Imienia Władysława Sikorskiego czwarty zjazd w Józefa Bema/DW489Jedź dalej DW489 (0,4 km)\nNa Rondo Solidarności pierwszy zjazd w Bramy Grodkowskiej (0,4 km)\nBramy Grodkowskiej skręca łagodnie w prawo i przechodzi w Grodkowska (2,1 km)\nNa rondzie pierwszy zjazd w: Grodkowska/DK46 (0,2 km)\nNa rondzie pierwszy zjazd w: Grodkowska/DK46Jedź dalej DK46 (5,8 km)\nNa rondzie drugi zjazd w: DW401 (15,1 km)\nNa rondzie trzeci zjazd w: DW385/DW401 (3,6 km)\nKontynuuj wzdłuż DW401 (9,6 km)\nSkręć w prawo, pozostając na DW401 (0,4 km)\nSkręć w zjazd, kierunek: A4 (0,3 km)\nSkręć łagodnie w prawo aby wjechać na A4, kierunek: WrocławDroga płatna (42,8 km)\nNa węźle Wrocław Południe trzymaj się prawej strony i jedź zgodnie ze znakami na E67/A8, kierunek: Wrocław/Warszawa/Poznań/Port Lotniczy (23,0 km)\nKontynuuj wzdłuż E67/S8 (203 km)\nWjedź na A1/E75 (29,6 km)\nWybierz zjazd 20 na A2/E 30, kierunek: Warszawa (2,5 km)\nWjedź na A2 (89,2 km)\nNa węźle Konotopa trzymaj się prawej strony i jedź zgodnie ze znakami na E77/S8/E67, kierunek: S7/Gdańsk/Centrum/Warszawa/Praga Płn./Białystok (1,0 km)\nKontynuuj wzdłuż E67/E77/S8Jedź dalej E67/S8 (106 km)\nZjedź, kierunek: S61 (1,3 km)\nKontynuuj wzdłuż S61Fragmenty tej drogi mogą być zamknięte w określonych godzinach lub dniachWjeżdżasz do: Litwa (212 km)\nDalej prosto po E67 (0,2 km)\nKontynuuj wzdłuż A5 (1,1 km)\nSkręć w lewo (0,5 km)\nLekko w lewo (0,2 km)\nLekko w lewo (0,2 km)\nNa rondzie pierwszy zjazd (1,4 km)\nNa rondzie pierwszy zjazd (1,3 km)\nNa rondzie pierwszy zjazd (0,1 km)\nLekko w lewo w A5 (34,1 km)\nKontynuuj wzdłuż A5 (1,0 km)\nTrzymaj się lewej strony, pozostając na A5 (40,2 km)\nZjedź na A5/E67, kierunek: Kaunas/Vilnius/Klaipėda/A1/E85/LV/Ryga/Rīga (0,3 km)\nKontynuuj wzdłuż A5 (16,6 km)\nWjedź na Islandijos pl. (0,1 km)\nZjedź, kierunek: Klaipėda/LV/Ryga/Rīga (1,2 km)\nKontynuuj wzdłuż Žemaičių pl. (11,9 km)\nZjedź na A8/E67, kierunek: Panevėžys/Ryga/Rīga (0,7 km)\nWjedź na A8 (79,2 km)\nSkręć łagodnie w prawo w zjazd na A17/E272, kierunek: Šiauliai/LV/Ryga/Rīga (0,6 km)\nTrzymaj się lewej strony (1,9 km)\nLekko w prawo (4,1 km)\nNa rondzie drugi zjazd (9,3 km)\nNa rondzie drugi zjazd (6,8 km)\nNa rondzie trzeci zjazd w: Baltijos kl./A10 (29,6 km)\nNa rondzie drugi zjazd w: Baltijos kl./A10Wjeżdżasz do: Łotwa (27,3 km)\nKontynuuj wzdłuż A7 (19,3 km)\nNa rondzie pierwszy zjazd w: Kalna iela/A7Jedź dalej A7 (42,7 km)\nTrzymaj się lewej strony, pozostając na A7 (12,2 km)\nDalej prosto po Ķekavas Apvedceļš/A7Jedź dalej A7 (7,5 km)\nNa rondzie trzeci zjazd w: Mūkusalas iela (2,3 km)\nSkręć w zjazd, kierunek: Akmens Tilts (0,2 km)\nKontynuuj wzdłuż Akmens Tilts (0,5 km)\nKontynuuj wzdłuż 11. novembra krastmala (0,2 km)\nTrzymaj się lewej strony i kieruj się na 11. novembra krastmala (57 m)\nWjedź na 11. novembra krastmala (0,1 km)\nTrzymaj się prawej strony, pozostając na 11. novembra krastmala (0,8 km)\nKontynuuj wzdłuż Eksporta iela (1,2 km)\nSkręć w prawo w Hanzas iela (0,3 km)\nSkręć w lewo w Rūpniecības iela (0,6 km)', 'route_planner', '2025-05-09 09:18:20', '2025-05-09 09:18:20', 'accepted', 0),
	(123, 1, 30, 'Rynek Główny sześciokątny', 'Największy średniowieczny rynek w Europie, otoczony zabytkowymi kamienicami i kościołami. Warto odwiedzić Sukiennice, które znajdują się w centralnej części rynku, gdzie można zakupić pamiątki i rękodzieło.', 'gpt-4.1-mini', '2025-05-09 09:20:05', '2025-05-09 09:20:05', 'accepted', 0);

-- Dumping data for table 10devs.users: ~3 rows (approximately)
INSERT IGNORE INTO `users` (`usr_id`, `usr_login`, `usr_password`, `usr_city`, `usr_admin`, `usr_date_registration`) VALUES
	(1, 'test', '$2y$10$JVPCjRcQOyl537PSHQxNd.vyt1n.qo61Mz5bzi5cmH2hNzuMAKiSW', 'Nysa', 0, '2025-04-27 14:45:10'),
	(4, 'test2', '$2y$10$tMWMXH2IwplTf.mjhyycrOW5Bzo6APbR9F4.uHbqK1wJfuWokrktu', 'Lublin', 0, '2025-04-30 07:25:44'),
	(5, 'admin', '$2y$10$IcqnNSF2c1n6qcmIX0TC.erdV4mdOlqhAK0FF5/193HuNcfTOAtBG', 'Wrocław', 1, '2025-05-05 06:02:10');


